Rep_ID,FLM_ID,Joining_Date
REP_4305491,FLM3,Oct-21
REP_4963702,FLM2,Sep-15
REP_4954052,FLM1,Oct-21
REP_4366473,FLM5,Oct-21
REP_5479569,FLM3,Nov-18
REP_4824252,FLM5,Oct-21
REP_5535030,FLM2,Sep-18
REP_4733452,FLM4,Nov-18
REP_4909146,FLM2,Sep-18
REP_5062973,FLM2,Nov-18
REP_4230624,FLM4,Sep-16
REP_5117576,FLM3,Nov-18
REP_4254410,FLM1,Sep-18
REP_4168095,FLM2,Sep-15
REP_5544996,FLM4,Sep-18
REP_4956188,FLM4,Sep-16
REP_4552425,FLM2,Nov-18
REP_4100428,FLM2,Sep-18
REP_5381638,FLM6,Oct-21
REP_5357907,FLM1,Sep-20
REP_4428838,FLM6,Sep-18
REP_4703282,FLM1,Sep-15
REP_4481727,FLM4,Nov-18
REP_4648872,FLM3,Oct-21
REP_4427546,FLM4,Sep-16
REP_4374260,FLM1,Sep-18
REP_4295345,FLM5,Sep-18
REP_4395513,FLM1,Sep-20
REP_4727722,FLM6,Sep-20
REP_4776077,FLM4,Sep-16
REP_5313492,FLM6,Nov-18
REP_4859189,FLM6,Sep-16
REP_4442151,FLM5,Oct-21
REP_4845293,FLM3,Sep-20
REP_4967016,FLM6,Oct-21
REP_5164758,FLM3,Sep-16
REP_4578351,FLM5,Sep-15
REP_4786640,FLM1,Oct-21
REP_4336429,FLM4,Nov-18
REP_5360094,FLM1,Sep-15
REP_5338940,FLM1,Sep-16
REP_4260243,FLM4,Sep-16
REP_4378846,FLM2,Nov-18
REP_4011839,FLM1,Sep-18
REP_5264084,FLM1,Sep-20
REP_4829458,FLM5,Oct-21
REP_4309550,FLM3,Nov-18
REP_5187319,FLM6,Sep-20
REP_4340872,FLM4,Oct-21
REP_4403997,FLM5,Sep-16
REP_4350255,FLM3,Nov-18
REP_4054809,FLM5,Sep-15
REP_5396087,FLM5,Nov-18
REP_4497498,FLM3,Oct-21
REP_4939928,FLM1,Sep-16
REP_5337564,FLM4,Sep-18
REP_4812984,FLM5,Oct-21
REP_4265532,FLM1,Sep-20
REP_5308356,FLM2,Sep-20
REP_5161721,FLM5,Sep-16
REP_4110012,FLM3,Oct-21
REP_5277376,FLM2,Sep-18
REP_4518188,FLM6,Sep-18
REP_5504296,FLM1,Sep-18
REP_5297792,FLM2,Nov-18
REP_5063494,FLM2,Sep-15
REP_5497248,FLM2,Sep-20
REP_4607871,FLM6,Nov-18
REP_5446534,FLM1,Nov-18
REP_5238106,FLM3,Sep-16
REP_4710338,FLM2,Sep-16
REP_5107673,FLM2,Oct-21
REP_5429866,FLM2,Sep-15
REP_4719886,FLM3,Nov-18
REP_5137664,FLM1,Sep-18
REP_4761264,FLM6,Sep-15
REP_5014107,FLM3,Sep-16
REP_4842502,FLM6,Sep-20
REP_4129905,FLM4,Sep-20
REP_4212489,FLM5,Sep-18
REP_4628936,FLM4,Nov-18
REP_5366309,FLM3,Sep-16
REP_4911126,FLM2,Nov-18
REP_4529600,FLM6,Sep-18
REP_4502891,FLM2,Oct-21
REP_5482473,FLM6,Nov-18
REP_5498927,FLM2,Oct-21
REP_4917357,FLM1,Sep-20
REP_5077054,FLM4,Oct-21
REP_5034907,FLM1,Sep-20
REP_5221978,FLM4,Sep-20
REP_4533118,FLM1,Sep-16
REP_4308677,FLM5,Sep-18
REP_4122095,FLM4,Sep-16
REP_5417624,FLM6,Oct-21
REP_5227573,FLM1,Oct-21
REP_4685262,FLM4,Sep-18
REP_4345411,FLM2,Sep-16
REP_4114475,FLM2,Sep-18
REP_4577033,FLM6,Oct-21
